Player,HT,WT,Birth City,Draft Status,Nationality,PlayerID
Thomas Abercrombie,78,207,Auckland,2011 NBA Draft - Undrafted,New Zealand,1
Ben Allen,83,256,Melbourne,2010 NBA Draft - Undrafted,Australia,2
Myron Allen,71,181,Houston (TX),2004 NBA Draft - Undrafted,United States,3
Adam Ballinger,81,250,Bluffton (IN),2003 NBA Draft - Undrafted,United States,4
Everard Bartlett,78,194,Hastings,2008 NBA Draft - Undrafted,New Zealand,5
Aaron Beagley,75,0,,2010 NBA Draft - Undrafted,Australia,6
Todd Blanchfield,78,207,Mackay,2013 NBA Draft - Undrafted,Australia,7
Josh Bloxham,74,180,Nelson,2012 NBA Draft - Undrafted,New Zealand,8
Anatoly Bose,78,200,Almaty,2011 NBA Draft - Undrafted,Kazakhstan & Australia,9
Dillon Boucher,77,211,New Plymouth,1997 NBA Draft - Undrafted,New Zealand,10
Dean Brebner,79,205,Camperdown,2006 NBA Draft - Undrafted,Australia,11
Aaron Bruce,75,185,Horsham,2008 NBA Draft - Undrafted,Australia,12
C.J. Bruton,74,195,Wichita (KS),1997 Rnd 2 Pick 24,United States & Australia,13
Matt Burston,81,227,Perth,2004 NBA Draft - Undrafted,Australia,14
Jason Cadee,74,161,Greenacre,2013 NBA Draft - Undrafted,Australia,15
Mat Campbell,77,185,Bendigo,1998 NBA Draft - Undrafted,Australia,16
Zac Carter,80,220,,2011 NBA Draft - Undrafted,New Zealand,17
Robert Cassir,78,203,Perth,2013 NBA Draft - Undrafted,Australia,18
Joevan Catron,78,235,Harvey (IL),2011 NBA Draft - Undrafted,United States,19
Chris Cedar,73,176,Townsville,2010 NBA Draft - Undrafted,Australia,20
Michael Cedar,75,180,Townsville,2008 NBA Draft - Undrafted,Australia,21
Tim Coenraad,79,220,Brisbane,2007 NBA Draft - Undrafted,Australia,22
Luke Cooper,72,165,Melbourne,2008 NBA Draft - Undrafted,Australia,23
Daryl Corletto,76,194,Melbourne,2003 NBA Draft - Undrafted,Australia,24
Peter Crawford,76,200,Mount Isa,2001 NBA Draft - Undrafted,Australia,25
Mitchell Creek,78,225,Horsham,2014 NBA Draft - Undrafted,Australia,26
Nathan Crosswell,74,196,Ballina,2001 NBA Draft - Undrafted,Australia,27
Ian Crosswhite,84,250,Melbourne,2006 NBA Draft - Undrafted,Australia,28
Tom Daly,74,170,Adelaide,2013 NBA Draft - Undrafted,Australia,29
Graeme Dann,79,216,Sydney,2005 NBA Draft - Undrafted,Australia,30
Larry Davidson,74,220,Gosford,2005 NBA Draft - Undrafted,Australia,31
Adris DeLeon,71,165,Bronx (NY),2009 NBA Draft - Undrafted,United States & Dominican Republic,32
Zac Delaney,65,167,Wollongong,2012 NBA Draft - Undrafted,Australia,33
Tyson Demos,75,176,Wollongong,2010 NBA Draft - Undrafted,Australia,34
Daniel Dillon,75,197,Melbourne,2008 NBA Draft - Undrafted,Australia,35
Ronald Dorsey,78,205,Detroit (MI),2005 NBA Draft - Undrafted,United States,36
Jeffrey Dowdell,81,223,Cooma,2009 NBA Draft - Undrafted,Australia,37
Mike English,76,225,St. Louis (MO),2007 NBA Draft - Undrafted,United States,38
Oscar Forman,81,216,Adelaide,2004 NBA Draft - Undrafted,Australia,39
Isaac Fotu,80,235,Auckland,2015 NBA Draft - Undrafted,New Zealand,40
Tom Garlepp,80,215,Perth,2009 NBA Draft - Undrafted,Australia,41
Deba George,72,0,Thursday Island,2007 NBA Draft - Undrafted,Australia,42
Adam Gibson,75,205,Launceston,2008 NBA Draft - Undrafted,Australia,43
Eddie Gill,72,190,Aurora (CO),2000 NBA Draft - Undrafted,United States,44
Showron Glover,71,160,Fresno (CA),2011 NBA Draft - Undrafted,United States,45
Chris Goulding,76,203,Launceston,2010 NBA Draft - Undrafted,Australia,46
Aaron Grabau,77,216,Melbourne,2000 NBA Draft - Undrafted,Australia,47
Jerai Grant,80,220,Bowie (MD),2011 NBA Draft - Undrafted,United States,48
Tommy Greer,78,209,Melbourne,2005 NBA Draft - Undrafted,Australia,49
David Gruber,78,230,Solon (IA),2004 NBA Draft - Undrafted,United States,50
Alex Gynes,78,200,Nowra,2011 NBA Draft - Undrafted,Australia,51
James Harvey,77,200,Subiaco,2001 NBA Draft - Undrafted,Australia,52
Wade Helliwell,83,265,Melbourne,2001 NBA Draft - Undrafted,Australia & United States,53
Leon Henry,79,220,Auckland,2007 NBA Draft - Undrafted,New Zealand,54
Nathan Herbert,76,201,Geelong,2006 NBA Draft - Undrafted,Australia,55
Brad Hill,78,198,Hahndorf,2008 NBA Draft - Undrafted,Australia,56
Russell Hinder,82,242,Sydney,2001 NBA Draft - Undrafted,Australia,57
Greg Hire,77,225,Perth,2009 NBA Draft - Undrafted,Australia,58
Stephen Hoare,79,220,Melbourne,1997 NBA Draft - Undrafted,Australia,59
Jacob Holmes,79,207,Adelaide,2005 NBA Draft - Undrafted,Australia,60
Will Hudson,81,233,Madison (WI),2011 NBA Draft - Undrafted,United States,61
Martin Iti,82,240,Sydney,2008 NBA Draft - Undrafted,Australia,62
Cedric Jackson,75,190,Alamogordo (NM),2009 NBA Draft - Undrafted,United States,63
Daniel Jackson,79,220,Wollongong,2010 NBA Draft - Undrafted,Australia,64
Daniel Johnson,82,215,Perth,2009 NBA Draft - Undrafted,Australia,65
Tanner Kerry,81,225,Newport Beach (CA),2012 NBA Draft - Undrafted,United States & Australia,66
Julian Khazzouh,82,220,Melbourne,2008 NBA Draft - Undrafted,Australia,67
Matthew Knight,81,240,Burnie,2007 NBA Draft - Undrafted,Australia,68
Tim Lang,81,250,Melbourne,2009 NBA Draft - Undrafted,Australia,69
Bennie Lewis,79,205,Melbourne,2009 NBA Draft - Undrafted,Australia,70
Kevin Lisch,74,190,Belleville (IL),2009 NBA Draft - Undrafted,United States & Australia,71
Alex Loughton,81,240,Perth,2006 NBA Draft - Undrafted,Australia,72
Ben Madgen,76,182,Williamstown,2007 NBA Draft - Undrafted,Australia,73
Damian Martin,74,200,Gloucester,2008 NBA Draft - Undrafted,Australia,74
Luke Martin,71,165,Sydney,2005 NBA Draft - Undrafted,Australia,75
Rhys Martin,76,174,Brisbane,2008 NBA Draft - Undrafted,Australia,76
Shane McDonald,74,0,Nhill,2007 NBA Draft - Undrafted,Australia,77
Patty Mills,72,180,Canberra,2009 Rnd 2 Pick 25,Australia,78
Elvin Mims,77,205,Pensacola (FL),2002 NBA Draft - Undrafted,United States,79
James Mitchell,76,0,Cairns,2013 NBA Draft - Undrafted,Australia,80
Donavan Monroe,74,205,Waxhaw (NC),2011 NBA Draft - Undrafted,United States,81
Morgan Natanahira,78,0,Queenstown,2013 NBA Draft - Undrafted,New Zealand,82
Luke Nevill,86,265,Perth,2009 NBA Draft - Undrafted,Australia,83
Darren Ng,74,170,Adelaide,2005 NBA Draft - Undrafted,Australia,84
Karl Nilsson,76,0,,2012 NBA Draft - Undrafted,Australia & Sweden,85
Mitchell Norton,73,188,Thuringowa,2015 NBA Draft - Undrafted,Australia,86
Owen Odigie,77,205,Carlton,2015 NBA Draft - Undrafted,Australia,87
Anthony Petrie,80,220,Tenterfield,2005 NBA Draft - Undrafted,Australia,88
Mitch Philp,73,0,,2011 NBA Draft - Undrafted,Australia,89
Alex Pledger,84,245,Blenheim,2009 NBA Draft - Undrafted,New Zealand,90
Dion Prewster,77,205,Wellington,2012 NBA Draft - Undrafted,New Zealand,91
Ben Purser,79,209,Perth,2012 NBA Draft - Undrafted,Australia,92
Kevin Ratzsch,79,205,Bloomington (IL),2009 NBA Draft - Undrafted,United States,93
Shawn Redhage,80,225,Lincoln (NE),2003 NBA Draft - Undrafted,United States & Australia,94
Brad Robbins,78,198,Melbourne,2007 NBA Draft - Undrafted,Australia,95
Liam Rush,78,207,Broome,2004 NBA Draft - Undrafted,United States,96
Dusty Rychart,79,210,Grand Rapids (MI),2002 NBA Draft - Undrafted,United States,97
Glen Saville,78,214,Bendigo,1998 NBA Draft - Undrafted,Australia,98
Luke Schenscher,85,255,Hope Forest,2005 NBA Draft - Undrafted,Australia,99
Diamon Simpson,79,230,Hayward (CA),2009 NBA Draft - Undrafted,United States,100
Brendan Teys,74,181,Adelaide,2012 NBA Draft - Undrafted,Australia,101
Cameron Tovey,78,187,George Town,2007 NBA Draft - Undrafted,Australia,102
Cameron Tragardh,82,225,Brisbane,2006 NBA Draft - Undrafted,Australia,103
Jeremiah Trueman,80,210,Stratford,2009 NBA Draft - Undrafted,New Zealand,104
Keegan Tudehope,75,187,Townsville,2010 NBA Draft - Undrafted,Australia,105
Ayinde Ubaka,76,210,Oakland (CA),2007 NBA Draft - Undrafted,United States,106
Greg Vanderjagt,84,251,Kempsey,2006 NBA Draft - Undrafted,Australia,107
Michael Vigor,81,218,Aberdeen,2012 NBA Draft - Undrafted,Scotland,108
Mika Vukona,78,210,Suva,2004 NBA Draft - Undrafted,New Zealand,109
Jesse Wagstaff,80,216,Canberra,2008 NBA Draft - Undrafted,Australia,110
Lucas Walker,80,225,Launceston,2009 NBA Draft - Undrafted,Australia,111
Jan Warbout,79,201,Adelaide,2013 NBA Draft - Undrafted,Australia,112
Andrew Warren,78,210,Indianapolis (IN),2011 NBA Draft - Undrafted,United States,113
Chris Warren,70,167,Orlando (FL),2011 NBA Draft - Undrafted,United States,114
Stephen Weigh,78,220,Mount Isa,2009 NBA Draft - Undrafted,Australia,115
Josh Wilcher,70,187,Notting Hill,2012 NBA Draft - Undrafted,Australia,116
Gary Wilkinson,81,240,Salt Lake City (UT),2009 NBA Draft - Undrafted,United States,117
Kerry Williams,71,0,Cairns,2009 NBA Draft - Undrafted,Australia,118
Drew Williamson,76,200,Thornleigh,2006 NBA Draft - Undrafted,Australia,119
John Williamson,79,225,Columbus (OH),2008 NBA Draft - Undrafted,United States,120
Jamar Wilson,73,185,Bronx (NY),2007 NBA Draft - Undrafted,United States & Finland,121
Mark Worthington,80,230,Bunbury,2005 NBA Draft - Undrafted,Australia,122
Tom Wright,74,0,,2011 NBA Draft - Undrafted,Australia,123
Larry Abney,80,235,Nyack (NY),2000 NBA Draft - Undrafted,United States,124
Matthew Andronicos,82,0,Sydney,2013 NBA Draft - Undrafted,Australia,125
Kyle Armour,72,185,Perth,2013 NBA Draft - Undrafted,Australia,126
Alex Beagley,76,0,,2014 NBA Draft - Undrafted,Australia,127
Kevin Braswell,74,190,Baltimore (MD),2002 NBA Draft - Undrafted,United States,128
Shaun Bruce,76,181,Horsham,2013 NBA Draft - Undrafted,Australia,129
Rhys Carter,75,185,Sale,2006 NBA Draft - Undrafted,Australia,130
Scott Christopherson,75,195,Krasnodar,2012 NBA Draft - Undrafted,United States,131
Michael Demertze,77,0,,2016 NBA Draft - Undrafted,Australia,132
Mirko Djeric,74,180,Canberra,2017 NBA Draft - Undrafted,Australia,133
Mike Dunigan,82,245,Chicago (IL),2011 NBA Draft - Undrafted,United States,134
Shane Edwards,79,220,Gilbert (AZ),2009 NBA Draft - Undrafted,United States,135
Gary Ervin,71,180,Brooklyn (NY),2008 NBA Draft - Undrafted,United States,136
Gavin Fields,79,194,Perth,2012 NBA Draft - Undrafted,Australia,137
Jonny Flynn,70,196,Niagara Falls (NY),2009 Rnd 1 Pick 6,United States,138
Jason Forte,77,220,Bay Springs (MS),2006 NBA Draft - Undrafted,United States,139
Cameron Gliddon,77,190,Bunbury,2012 NBA Draft - Undrafted,Australia,140
Malcolm Grant,73,188,Brooklyn (NY),2012 NBA Draft - Undrafted,United States,141
Corin Henry,70,170,Randallstown (MD),2011 NBA Draft - Undrafted,United States,142
Lance Hurdle,74,195,San Diego (CA),2009 NBA Draft - Undrafted,United States,143
Trian Iliadis,75,185,Perth,2012 NBA Draft - Undrafted,Australia,144
Callum Jenkins,75,187,Cairns,2010 NBA Draft - Undrafted,Australia,145
Daniel Joyce,77,0,,2009 NBA Draft - Undrafted,Australia,146
Darnell Lazare,80,240,Baton Rouge (LA),2007 NBA Draft - Undrafted,United States,147
Alister MacDonald,73,0,,2014 NBA Draft - Undrafted,Australia,148
Auryn MacMillan,80,235,Melbourne,2010 NBA Draft - Undrafted,Australia,149
C.J. Massingale,75,210,Tacoma (WA),2004 NBA Draft - Undrafted,United States,150
Josh Myles,70,0,,2016 NBA Draft - Undrafted,Australia,151
A.J. Ogilvy,83,250,Sydney,2010 NBA Draft - Undrafted,Australia,152
Seth Scott,81,215,Orem (UT),2004 NBA Draft - Undrafted,United States,153
Clinton Steindl,79,195,Mackay,2012 NBA Draft - Undrafted,Australia,154
Reuben Te Rangi,79,188,Otahuhu,2016 NBA Draft - Undrafted,New Zealand,155
Nate Tomlinson,75,185,Sydney,2012 NBA Draft - Undrafted,Australia,156
Pero Vasiljevic,79,254,Adelaide,2000 NBA Draft - Undrafted,Australia,157
Corey Webster,74,190,Auckland,2010 NBA Draft - Undrafted,New Zealand,158
Tai Webster,74,180,Auckland,2017 NBA Draft - Undrafted,New Zealand,159
Jarrad Weeks,73,176,Melbourne,2011 NBA Draft - Undrafted,Australia,160
Kevin White,76,200,Manly,2011 NBA Draft - Undrafted,Australia,161
Curtis Withers,80,230,Charlotte (NC),2006 NBA Draft - Undrafted,United States,162
Mitchell Young,81,235,Coffs Harbour,2013 NBA Draft - Undrafted,Australia,163
Kyle Adnam,73,185,Melbourne,2015 NBA Draft - Undrafted,Australia,164
B.J. Anthony,78,200,Auckland,2010 NBA Draft - Undrafted,New Zealand,165
Duane Bailey,79,227,Auckland,2013 NBA Draft - Undrafted,New Zealand,166
Jordan Barry,77,0,,2014 NBA Draft - Undrafted,Australia,167
Jermaine Beal,75,205,DeSoto (TX),2010 NBA Draft - Undrafted,United States,168
Louis Brandt,0,0,,2014 NBA Draft - Undrafted,Australia,169
Erik Burdon,75,0,,2007 NBA Draft - Undrafted,Australia,170
Alonzo Burton,76,183,New Plymouth,2015 NBA Draft - Undrafted,New Zealand,171
Charles Carmouche,75,185,New Orleans (LA),2013 NBA Draft - Undrafted,United States,172
Rotnei Clarke,72,184,Claremore (OK),2013 NBA Draft - Undrafted,United States,173
Brian Conklin,78,230,Eugene (OR),2012 NBA Draft - Undrafted,United States,174
Dominique Cooks,76,200,Ballarat,2013 NBA Draft - Undrafted,United States & Australia,175
Solomon Dech,73,0,,2014 NBA Draft - Undrafted,Australia,176
Stephen Dennis,78,180,West Chester (PA),2010 NBA Draft - Undrafted,United States,177
Adam Doyle,69,180,Sydney,2013 NBA Draft - Undrafted,Australia,178
Cody Ellis,80,245,Subiaco,2013 NBA Draft - Undrafted,Australia,179
James Ennis,78,215,Ventura (CA),2013 Rnd 2 Pick 20,United States,180
Mustapha Farrakhan,76,180,Chicago (IL),2011 NBA Draft - Undrafted,United States,181
Anthony Fisher,74,172,Ballarat,2016 NBA Draft - Undrafted,Australia,182
Casey Frank,80,232,Port Jefferson (NY),1999 NBA Draft - Undrafted,United States & New Zealand,183
Jarrid Frye,77,207,Queens (NY),2007 NBA Draft - Undrafted,United States,184
Shaun Gleeson,75,0,Cairns,2008 NBA Draft - Undrafted,Australia,185
Shane Harris-Tunks,83,250,Greenacre,2014 NBA Draft - Undrafted,Australia,186
Luke Jamieson,79,205,,2016 NBA Draft - Undrafted,Australia,187
Tom Jervis,84,230,Perth,2009 NBA Draft - Undrafted,Australia,188
Kerron Johnson,73,175,Huntsville (AL),2013 NBA Draft - Undrafted,United States,189
Scott Kenny,78,0,Sunshine Coast,2013 NBA Draft - Undrafted,Australia,190
Steven Markovic,74,200,Sydney,2007 NBA Draft - Undrafted,Australia,191
Mathiang Mauot Muo,77,217,Sydney,2013 NBA Draft - Undrafted,Australia & South Sudan,192
Demetri McCamey,75,205,Bellwood (IL),2011 NBA Draft - Undrafted,United States,193
Scott Morrison,84,224,Vancouver,2008 NBA Draft - Undrafted,Canada,194
Josh Pace,78,203,Griffin (GA),2005 NBA Draft - Undrafted,United States,195
Greg Page,75,0,,2016 NBA Draft - Undrafted,Australia,196
Jarrad Prue,78,0,,2004 NBA Draft - Undrafted,Australia,197
Brooke Ruscoe,75,189,Wellington,2012 NBA Draft - Undrafted,New Zealand,198
Jack Salt,82,250,Auckland,2019 NBA Draft - Undrafted,New Zealand,199
Jesse Sanders,75,200,Sugar Land (TX),2012 NBA Draft - Undrafted,United States,200
Damien Scott,76,0,,2014 NBA Draft - Undrafted,Australia,201
Daniel Sims,74,188,Brisbane,2014 NBA Draft - Undrafted,Australia,202
Durrell Summers,76,205,Detroit (MI),2011 NBA Draft - Undrafted,United States,203
Kevin Tiggs,77,220,Flint (MI),2009 NBA Draft - Undrafted,United States,204
Louis Timms,81,0,Perth,2013 NBA Draft - Undrafted,Australia,205
James Trustum,76,192,Sydney,2016 NBA Draft - Undrafted,Australia,206
Drake U'u,77,215,Sacramento (CA),2013 NBA Draft - Undrafted,United States,207
Luuk Wittiveen,75,0,Auckland,2016 NBA Draft - Undrafted,New Zealand,208
Sam Young,78,225,Washington (DC),2009 Rnd 2 Pick 6,United States & Lebanon,209
Marco Alexander,73,180,Skopje,2013 NBA Draft - Undrafted,North Macedonia & New Zealand,210
Yuat Alok,83,211,Auckland,2022 NBA Draft - Undrafted,Australia & Kenya,211
Brad Anderson,76,0,,2014 NBA Draft - Undrafted,New Zealand,212
Atem Atem,80,0,,2013 NBA Draft - Undrafted,South Sudan,213
David Barlow,81,210,Melbourne,2005 NBA Draft - Undrafted,Australia,214
Angus Brandt,82,246,Sydney,2014 NBA Draft - Undrafted,Australia,215
Jahii Carson,70,180,Phoenix (AZ),2014 NBA Draft - Undrafted,United States,216
Josh Childress,80,210,Harbor City (IL),2004 Rnd 1 Pick 6,United States,217
Madol Chol,79,0,,2016 NBA Draft - Undrafted,South Sudan,218
Ashley Constable,74,186,Horsham,2015 NBA Draft - Undrafted,Australia,219
Torrey Craig,79,221,Rock Hill (SC),2014 NBA Draft - Undrafted,United States,220
DeAndre Daniels,81,196,Woodland Hills (CA),2014 Rnd 2 Pick 7,United States,221
Ben Dixon,73,0,,2015 NBA Draft - Undrafted,Australia,222
Josh Duinker,83,230,Sydney,2012 NBA Draft - Undrafted,Australia,223
Richie Edwards,79,220,Amsterdam (NY),2014 NBA Draft - Undrafted,United States & New Zealand,224
Mickell Gladness,83,220,Birmingham (AL),2008 NBA Draft - Undrafted,United States,225
Damon Heuir,74,200,Townsville,2013 NBA Draft - Undrafted,Australia,226
Nick Horvath,82,250,Shoreview (MN),2004 NBA Draft - Undrafted,United States & New Zealand,227
Tom Howard,79,0,,2017 NBA Draft - Undrafted,Australia,228
Brian Ibekwe,81,220,Los Angeles (CA),2007 NBA Draft - Undrafted,United States & Nigeria,229
Shea Ili,72,187,Auckland,2014 NBA Draft - Undrafted,New Zealand,230
Sam Johns,72,194,Adelaide,2013 NBA Draft - Undrafted,Australia,231
Daniel Kickert,82,250,Melbourne,2006 NBA Draft - Undrafted,Australia,232
Nelson Larkins,71,200,,2018 NBA Draft - Undrafted,Australia,233
Corey Maynard,75,185,Adelaide,2014 NBA Draft - Undrafted,Australia,234
Jordan McRae,77,179,Savannah (GA),2014 Rnd 2 Pick 28,United States,235
Daequon Montreal,79,229,Syracuse (NY),2011 NBA Draft - Undrafted,United States,236
Brock Motum,82,235,Sunnybank,2013 NBA Draft - Undrafted,Australia,237
Jordan Ngatai,79,215,Wellington,2015 NBA Draft - Undrafted,New Zealand,238
Chris Patton,82,246,Melbourne,2014 NBA Draft - Undrafted,Australia,239
Kendrick Perry,72,180,Ocoee (FL),2014 NBA Draft - Undrafted,United States & Montenegro,240
Earnest Ross,78,227,Chicago (IL),2014 NBA Draft - Undrafted,United States & Guam,241
Nathan Sobey,75,185,Warrnambool,2014 NBA Draft - Undrafted,Australia,242
Rhys Vague,80,210,Perth,2018 NBA Draft - Undrafted,Australia,243
Tai Wesley,79,240,Provo (UT),2011 NBA Draft - Undrafted,United States & Guam,244
Scottie Wilbekin,74,176,Gainesville (FL),2014 NBA Draft - Undrafted,United States & Turkey,245
Tai Wynyard,82,228,Auckland,2019 NBA Draft - Undrafted,New Zealand,246
Daniel Carlin,81,245,Rose Park,2015 NBA Draft - Undrafted,Australia,247
Finn Delany,79,225,Nelson,2016 NBA Draft - Undrafted,New Zealand,248
Ebi Ere,77,215,Tulsa (OK),2003 NBA Draft - Undrafted,United States & Nigeria,249
Indiana Faithfull,76,195,Castlecrag,2015 NBA Draft - Undrafted,Australia,250
Harry Froling,83,250,Townsville,2019 NBA Draft - Undrafted,Australia,251
Emmanuel Golong,75,205,,2015 NBA Draft - Undrafted,Australia,252
Hugh Greenwood,75,205,Hobart,2015 NBA Draft - Undrafted,Australia,253
Igor Hadziomerovic,76,207,Sarajevo,2015 NBA Draft - Undrafted,Australia,254
Al Harrington,81,245,Orange (NJ),1998 Rnd 1 Pick 25,United States,255
Jeromie Hill,80,250,Cairns,2015 NBA Draft - Undrafted,Australia,256
Jayden Hodgson,75,185,Gosford,2020 NBA Draft - Undrafted,Australia,257
Matt Hodgson,83,255,Ipswich,2014 NBA Draft - Undrafted,Australia,258
Stephen Holt,76,195,Portland (OR),2014 NBA Draft - Undrafted,United States,259
Charles Jackson,82,225,Sacramento (CA),2015 NBA Draft - Undrafted,United States,260
Garrett Jackson,77,225,Portland (OR),2015 NBA Draft - Undrafted,United States,261
Damion James,79,225,Hobbs (NM),2010 Rnd 1 Pick 24,United States,262
Nathan Jawai,82,280,Sydney,2008 Rnd 2 Pick 11,Australia,263
Jordair Jett,73,215,St. Paul (MN),2014 NBA Draft - Undrafted,United States,264
Christopher Kann,0,0,Townsville,2016 NBA Draft - Undrafted,Australia,265
Nick Kay,81,230,Tamworth,2015 NBA Draft - Undrafted,Australia,266
Ben Kearins,74,0,,2015 NBA Draft - Undrafted,Australia,267
Jarrod Kenny,74,180,Auckland,2007 NBA Draft - Undrafted,New Zealand,268
Dexter Kernich-Drew,79,190,Melbourne,2015 NBA Draft - Undrafted,Australia,269
Benjamin Knight,80,0,,1998 NBA Draft - Undrafted,England & Australia,270
Majok Majok,81,245,Perth,2014 NBA Draft - Undrafted,Australia,271
Kenyon McNeaill,73,185,Memphis (TN),2014 NBA Draft - Undrafted,United States,272
Kirk Penney,77,220,Auckland,2003 NBA Draft - Undrafted,New Zealand,273
Casey Prather,78,208,Jackson (TN),2014 NBA Draft - Undrafted,United States,274
Dzherom Rendl,70,172,Chicago (IL),2010 NBA Draft - Undrafted,United States & Ukraine,275
Omar Samhan,83,265,Danville (CA),2010 NBA Draft - Undrafted,United States & Egypt,276
Will Sinclair,82,250,Lilydale,2015 NBA Draft - Undrafted,Australia,277
Tohi Smith-Milner,81,212,Auckland,2017 NBA Draft - Undrafted,New Zealand,278
Markel Starks,73,175,Accokeek (MD),2014 NBA Draft - Undrafted,United States,279
Marcus Thornton,76,190,Upper Marlboro (MD),2015 Rnd 2 Pick 15,United States,280
Tony Tolovae,77,194,Sydney,2014 NBA Draft - Undrafted,Australia,281
Jordan Vandenberg,85,245,Melbourne,2014 NBA Draft - Undrafted,Australia,282
Brent Wallace,84,264,,2014 NBA Draft - Undrafted,Australia,283
Hakim Warrick,81,219,Philadelphia (PA),2005 Rnd 1 Pick 19,United States,284
Jack White,79,222,Canberra,2020 NBA Draft - Undrafted,Australia,285
Corban Wroe,74,195,Brisbane,2015 NBA Draft - Undrafted,Australia,286
David Andersen,84,242,Carlton,2002 Rnd 2 Pick 8,Australia,287
Cameron Bairstow,81,250,Brisbane,2014 Rnd 2 Pick 19,Australia,288
Jarred Bairstow,79,230,Brisbane,2016 NBA Draft - Undrafted,Australia,289
Steve Blake,75,172,Hollywood (FL),2003 Rnd 2 Pick 9,United States,290
Liu Bo,81,205,Henan,2018 NBA Draft - Undrafted,China,291
Josh Boone,82,237,Mount Airy (MD),2006 Rnd 1 Pick 23,United States,292
Mason Bragg,72,178,,2015 NBA Draft - Undrafted,Australia,293
Michael Bryson,76,200,Sacramento (CA),2016 NBA Draft - Undrafted,United States,294
Paul Carter,80,200,Little Rock (AR),2011 NBA Draft - Undrafted,United States,295
Bryce Cotton,73,165,Tucson (AZ),2014 NBA Draft - Undrafted,United States,296
Majok Deng,82,185,Adelaide,2016 NBA Draft - Undrafted,Australia,297
Kevin Dillard,72,182,Homewood (IL),2013 NBA Draft - Undrafted,United States,298
Anthony Drmic,78,192,Melbourne,2016 NBA Draft - Undrafted,Australia,299
Fuquan Edwin,78,213,Paterson (NJ),2014 NBA Draft - Undrafted,United States,300
Nnanna Egwu,83,250,Abuja,2015 NBA Draft - Undrafted,Nigeria & United States,301
Terrance Ferguson,79,190,Tulsa (OK),2017 Rnd 1 Pick 21,United States,302
Tom Fullarton,79,180,Brisbane,2021 NBA Draft - Undrafted,Australia,303
Angus Glover,76,180,Illawarra,2020 NBA Draft - Undrafted,Australia,304
Matt Hancock,76,200,Melbourne,2016 NBA Draft - Undrafted,Australia,305
Darcy Harding,78,208,Canberra,2016 NBA Draft - Undrafted,Australia,306
Marvelle Harris,76,210,Rialto (CA),2016 NBA Draft - Undrafted,United States,307
Michael Holyfield,83,270,Albuquerque (NM),2015 NBA Draft - Undrafted,United States,308
Jackson Hussey,75,185,Attadale,2016 NBA Draft - Undrafted,Australia,309
Andre Ingram,75,184,Richmond (VA),2007 NBA Draft - Undrafted,United States,310
Tevin Jackson,79,210,Perth,2017 NBA Draft - Undrafted,Australia,311
Eric Jacobsen,82,255,Chandler (AZ),2016 NBA Draft - Undrafted,United States,312
Jaron Johnson,78,205,Tyler (TX),2014 NBA Draft - Undrafted,United States,313
Jeremy Kendle,74,195,Jeffersonville (IN),2012 NBA Draft - Undrafted,United States,314
Matthew Kenyon,77,175,Avoca Beach,2020 NBA Draft - Undrafted,Australia,315
Lasan Kromah,78,205,Queens (NY),2014 NBA Draft - Undrafted,United States,316
Robert Loe,83,245,Leicester,2014 NBA Draft - Undrafted,England & New Zealand,317
Aleks Maric,83,270,Sydney,2008 NBA Draft - Undrafted,Australia,318
Mitchell McCarron,74,215,Alice Springs,2015 NBA Draft - Undrafted,Australia,319
William McDowell-White,77,185,Brisbane,2019 NBA Draft - Undrafted,Australia,320
Jameel McKay,81,219,Milwaukee (WI),2016 NBA Draft - Undrafted,United States,321
Akil Mitchell,81,250,Charlotte (NC),2014 NBA Draft - Undrafted,United States & Panama,322
Tony Mitchell,78,216,Swainsboro (GA),2012 NBA Draft - Undrafted,United States,323
Craig Moller,80,208,Sutherland,2016 NBA Draft - Undrafted,Australia,324
Ramone Moore,77,190,Philadelphia (PA),2012 NBA Draft - Undrafted,United States,325
Brad Newley,78,205,Lower Mitcham,2007 Rnd 2 Pick 24,Australia,326
Josh Powell,81,225,Charleston (SC),2003 NBA Draft - Undrafted,United States,327
Derone Raukawa,71,168,Tauranga,2016 NBA Draft - Undrafted,New Zealand,328
Ethan Rusbatch,77,220,Timaru,2014 NBA Draft - Undrafted,New Zealand,329
David Stockton,71,165,Spokane (WA),2014 NBA Draft - Undrafted,United States,330
Travis Trice,74,175,Huber Heights (OH),2015 NBA Draft - Undrafted,United States,331
Isaih Tueta,74,180,,2013 NBA Draft - Undrafted,Australia,332
Hong Wang,72,188,Taiyuan,2014 NBA Draft - Undrafted,China,333
Casper Ware,70,175,Cerritos (CA),2012 NBA Draft - Undrafted,United States,334
Greg Whittington,80,212,Columbia (MD),2015 NBA Draft - Undrafted,United States,335
Devin Williams,81,255,Cincinnati (OH),2016 NBA Draft - Undrafted,United States,336
Ben Woodside,71,185,Albert Lea (MN),2009 NBA Draft - Undrafted,United States,337
Pengfei Yan,82,202,Taiyuan,2015 NBA Draft - Undrafted,China,338
Deng Acuoth,83,198,Sydney,2018 NBA Draft - Undrafted,Australia & South Sudan,339
Perrin Buford,78,220,Decatur (AL),2016 NBA Draft - Undrafted,United States,340
Michael Carrera,77,215,Anzoategui,2016 NBA Draft - Undrafted,Venezuela,341
Rakeem Christmas,81,255,Philadelphia (PA),2015 Rnd 2 Pick 6,United States & U.S. Virgin Islands,342
Demetrius Conger,78,205,Brooklyn (NY),2013 NBA Draft - Undrafted,United States,343
Derek Cooke Jr.,81,220,Washington (DC),2015 NBA Draft - Undrafted,United States,344
Lochlan Cummings,72,184,Perth,2017 NBA Draft - Undrafted,Australia,345
Sam Daly,76,190,Adelaide,2017 NBA Draft - Undrafted,Australia,346
Caleb Davis,81,265,Perth,2017 NBA Draft - Undrafted,Australia,347
Perry Ellis,79,220,Wichita (KS),2016 NBA Draft - Undrafted,United States & Japan,348
Jerry Evans,80,210,Lawndale (CA),2014 NBA Draft - Undrafted,United States,349
Carrick Felix,78,200,Goodyear (AZ),2013 Rnd 2 Pick 3,United States,350
Tyrell Harrison,85,210,Brisbane,2021 NBA Draft - Undrafted,Australia & New Zealand,351
Peter Hooley,76,200,Hahndorf,2016 NBA Draft - Undrafted,Australia,352
Isaac Humphries,83,255,Sydney,2017 NBA Draft - Undrafted,Australia,353
James Hunter,82,250,Sydney,2015 NBA Draft - Undrafted,Australia & New Zealand,354
Delvon Johnson,81,220,Richton (IL),2011 NBA Draft - Undrafted,United States,355
Christian Jurlina,77,200,Sydney,2017 NBA Draft - Undrafted,Australia,356
Kuany Ngor Kuany,79,201,Melbourne,2017 NBA Draft - Undrafted,Australia & South Sudan,357
Travis Leslie,76,205,Decatur (GA),2011 Rnd 2 Pick 17,United States,358
Will Magnay,82,234,Brisbane,2018 NBA Draft - Undrafted,Australia,359
Darcy Malone,84,244,Canberra,2017 NBA Draft - Undrafted,Australia,360
Durrell McDonald,74,175,Henderson (NV),2017 NBA Draft - Undrafted,United States,361
D.J. Newbill,76,210,Philadelphia (PA),2015 NBA Draft - Undrafted,United States,362
Mitchell Newton,78,216,Christchurch,2017 NBA Draft - Undrafted,New Zealand,363
Dane Pineau,81,225,Fitzroy,2017 NBA Draft - Undrafted,Australia,364
Nic Pozoglou,77,214,,2018 NBA Draft - Undrafted,Greece & Australia,365
Ronald Roberts,80,219,Bayonne (NJ),2014 NBA Draft - Undrafted,United States & Dominican Republic,366
Samuel Short,77,172,Ballarat,2020 NBA Draft - Undrafted,Australia,367
Shannon Shorter,76,200,Houston (TX),2011 NBA Draft - Undrafted,United States,368
Amritpal Singh,83,242,Ganna Pind,2013 NBA Draft - Undrafted,India,369
Scoochie Smith,74,180,New York (NY),2017 NBA Draft - Undrafted,United States,370
Edgar Sosa,74,175,New York (NY),2010 NBA Draft - Undrafted,United States & Dominican Republic,371
Adam Thoseby,78,210,Melbourne,2016 NBA Draft - Undrafted,Australia & England,372
J.P. Tokoto,78,200,Menomonee Falls (WI),2015 Rnd 2 Pick 28,United States & Cameroon,373
Jeremy Tyler,83,250,San Diego (CA),2011 Rnd 2 Pick 9,United States,374
Felix Von Hofe,77,200,East Melbourne,2017 NBA Draft - Undrafted,Australia,375
Alan Wiggins Jr.,80,225,San Diego (CA),2007 NBA Draft - Undrafted,United States,376
Andrew Bogut,84,260,Melbourne,2005 Rnd 1 Pick 1,Australia,377
Brian Bowen II,79,199,Saginaw (MI),2019 NBA Draft - Undrafted,United States,378
Kyle Bowen,80,222,Geelong,2024 NBA Draft Eligible,Australia,379
A.J. Davis,81,215,Buford (GA),2018 NBA Draft - Undrafted,United States,380
Sunday Dech,76,210,Gambela,2018 NBA Draft - Undrafted,Ethiopia & Australia,381
Deng Deng,80,205,Sudan,2016 NBA Draft - Undrafted,South Sudan & Australia,382
Alonzo Gee,78,225,Riviera Beach (FL),2009 NBA Draft - Undrafted,United States,383
Daniel Grida,80,201,Illawarra,2020 NBA Draft - Undrafted,Australia,384
Devon Hall,77,215,Virginia Beach (VA),2018 Rnd 2 Pick 23,United States,385
Makoto Hiejima,75,192,Fukuoka,2012 NBA Draft - Undrafted,Japan,386
Bijan Johnson,73,182,Houston (TX),2018 NBA Draft - Undrafted,United States,387
Venky Jois,80,230,Boronia,2016 NBA Draft - Undrafted,Australia,388
Dom Kelman-Poto,79,242,Auckland,2018 NBA Draft - Undrafted,New Zealand,389
D.J. Kennedy,78,215,Pittsburgh (PA),2011 NBA Draft - Undrafted,United States,390
Fabijan Krslovic,80,239,Liverpool,2018 NBA Draft - Undrafted,Australia,391
Shawn Long,81,255,Morgan City (LA),2016 NBA Draft - Undrafted,United States,392
Samuel McDaniel,78,210,Adelaide,2018 NBA Draft - Undrafted,Australia,393
Jack McVeigh,80,215,Canberra,2019 NBA Draft - Undrafted,Australia,394
Bryan Michaels,75,210,Kalispell (MT),2018 NBA Draft - Undrafted,United States,395
Armani Moore,76,217,Kennesaw (GA),2016 NBA Draft - Undrafted,United States,396
Emmett Naar,73,195,Canberra,2018 NBA Draft - Undrafted,Australia,397
Marshall Nelson,74,188,Perth,2018 NBA Draft - Undrafted,Australia,398
Lamar Patterson,77,225,Lancaster (PA),2014 Rnd 2 Pick 18,United States,399
Kruz Perrott-Hunt,75,195,Auckland,2024 NBA Draft Eligible,New Zealand,400
Patrick Richard,76,208,Lafayette (LA),2012 NBA Draft - Undrafted,United States & Romania,401
Wani Swaka Lo Buluk,78,192,Brisbane,2023 NBA Draft Eligible,Australia,402
Melo Trimble,75,195,Upper Marlboro (MD),2017 NBA Draft - Undrafted,United States,403
Daniel Trist,81,234,Wahroonga,2015 NBA Draft - Undrafted,Australia,404
Ray Turner,81,232,Houston (TX),2013 NBA Draft - Undrafted,United States,405
Tom Vodanovich,79,220,Wellington,2017 NBA Draft - Undrafted,New Zealand,406
David Wear,82,225,Huntington Beach (CA),2014 NBA Draft - Undrafted,United States,407
Terrico White,77,215,Memphis (TN),2010 Rnd 2 Pick 6,United States,408
Jake Wiley,80,220,Newport (WA),2017 NBA Draft - Undrafted,United States & North Macedonia,409
Tom Wilson,77,180,Melbourne,2018 NBA Draft - Undrafted,Australia,410
Max de Geest,75,185,Christchurch,2024 NBA Draft Eligible,New Zealand,411
Jo Acuil,84,225,Melbourne,2018 NBA Draft - Undrafted,Australia,412
Terry Armstrong,80,185,Flint (MI),2020 NBA Draft - Undrafted,United States,413
Brandon Ashley,81,230,Oakland (CA),2015 NBA Draft - Undrafted,United States,414
Ben Ayre,74,175,Melbourne,2019 NBA Draft - Undrafted,Australia,415
LaMelo Ball,79,180,Chino Hills (CA),2020 Rnd 1 Pick 3,United States,416
Keith Benson,83,240,Farmington Hills (MI),2011 Rnd 2 Pick 18,United States,417
George Blagojevic,80,205,Geelong,2019 NBA Draft - Undrafted,Australia,418
Taylor Braun,79,210,Newberg (OR),2014 NBA Draft - Undrafted,United States,419
Taylor Britt,81,175,Christchurch,2009 NBA Draft - Undrafted,New Zealand,420
Aaron Brooks,72,161,Seattle (WA),2007 Rnd 1 Pick 26,United States,421
Xavier Cooks,80,185,Wollongong,2018 NBA Draft - Undrafted,Australia,422
Jaye Crockett,79,200,Clovis (NM),2014 NBA Draft - Undrafted,United States,423
Callum Dalton,81,250,Melbourne,2022 NBA Draft - Undrafted,Australia,424
Kian Dennis,78,183,Sunshine Coast,2023 NBA Draft Eligible,Australia,425
Lachlan Timothy Dent,72,0,Campbelltown,2022 NBA Draft - Undrafted,Australia,426
Tad Dufelmeier Jr.,72,175,Canberra,2018 NBA Draft - Undrafted,Australia,427
Samson Froling,83,200,Sydney,2020 NBA Draft - Undrafted,Australia,428
Cameron Goldfinch,79,190,Gold Coast,2020 NBA Draft - Undrafted,Australia,429
Eric Griffin,80,194,Orlando (FL),2012 NBA Draft - Undrafted,United States,430
R.J. Hampton,78,190,Dallas (TX),2020 Rnd 1 Pick 24,United States,431
Hyrum Harris,78,231,Auckland,2018 NBA Draft - Undrafted,New Zealand,432
Michael Harris,76,187,,2021 NBA Draft - Undrafted,Australia,433
Sek Henry,76,200,Lynwood (CA),2010 NBA Draft - Undrafted,United States,434
William Hickey,77,187,Camperdown,2021 NBA Draft - Undrafted,Australia,435
Darington Hobson,79,210,Las Vegas (NV),2010 Rnd 2 Pick 7,United States,436
Scotty Hopson,79,204,Hopkinsville (KY),2011 NBA Draft - Undrafted,United States,437
Dario Hunt,80,230,Colorado Springs (CO),2012 NBA Draft - Undrafted,United States,438
Jordan Hunter,82,230,Sydney,2019 NBA Draft - Undrafted,Australia,439
Lochlan Hutchison,74,187,Sydney,2021 NBA Draft - Undrafted,Australia,440
Stanton Kidd,79,215,Baltimore (MD),2015 NBA Draft - Undrafted,United States,441
Obi Kyei,80,190,Sydney,2017 NBA Draft - Undrafted,Australia,442
Terry Li,76,198,Shandong,2022 NBA Draft - Undrafted,China,443
Didi Louzada,77,215,Muqui,2019 Rnd 2 Pick 5,Brazil,444
Scott Machado,73,201,Queens (NY),2012 NBA Draft - Undrafted,United States & Brazil,445
Hunter-Jack Madden,74,190,Sydney,2025 NBA Draft Eligible,Australia,446
Ater Majok,83,233,Khartoum,2011 Rnd 2 Pick 28,Australia & Lebanon,447
Geremy McKay,79,230,Melbourne,2019 NBA Draft - Undrafted,Australia,448
Alex Mudronja,77,195,Adelaide,2020 NBA Draft - Undrafted,Australia,449
Kouat Noi,79,210,Khartoum,2020 NBA Draft - Undrafted,South Sudan & Australia,450
Christopher Obekpa,81,230,Centereach (NY),2016 NBA Draft - Undrafted,United States & Nigeria,451
Cameron Oliver,80,225,Sacramento (CA),2017 NBA Draft - Undrafted,United States,452
Miles Plumlee,83,249,Fort Wayne (IN),2012 Rnd 1 Pick 26,United States,453
Billy Preston,82,230,Redondo Beach (CA),2018 NBA Draft - Undrafted,United States,454
Jack Purchase,81,210,Melbourne,2019 NBA Draft - Undrafted,Australia,455
Chuatwech Reath,75,0,,2023 NBA Draft Eligible,Australia,456
Glen Rice,78,206,Miami (FL),2013 Rnd 2 Pick 5,United States,457
John Roberson,71,168,Plano (TX),2011 NBA Draft - Undrafted,United States & Bosnia and Herzegovina,458
Larry Savage,77,210,Onancock (VA),2015 NBA Draft - Undrafted,United States,459
E.J. Singler,78,215,Medford (OR),2013 NBA Draft - Undrafted,United States,460
Kendall Stephens,79,205,St. Charles (IL),2018 NBA Draft - Undrafted,United States,461
Dillon Stith,79,215,Bedford (VA),2014 NBA Draft - Undrafted,United States,462
Banjo Talbot,83,0,,2023 NBA Draft Eligible,Australia,463
Jae'sean Tate,76,230,Pickerington (OH),2018 NBA Draft - Undrafted,United States,464
Deshon Taylor,74,185,Riverside (CA),2019 NBA Draft - Undrafted,United States,465
Luke Travers,79,208,Perth,2022 Rnd 2 Pick 26,Australia,466
Devondrick Walker,77,205,Garland (TX),2014 NBA Draft - Undrafted,United States,467
Tamuri Wigness,71,185,Brisbane,2024 NBA Draft Eligible,Australia,468
Deng Adel,79,196,Khartoum,2018 NBA Draft - Undrafted,South Sudan & Australia,469
C.J. Asuncion-Byrd,77,205,Greenwich (CT),2019 NBA Draft - Undrafted,United States,470
Yudai Baba,77,198,Toyama,2017 NBA Draft - Undrafted,Japan,471
Rasmus Bach,76,185,,2018 NBA Draft - Undrafted,Denmark & Australia,472
Ryan Broekhoff,79,215,Frankston,2013 NBA Draft - Undrafted,Australia,473
Tony Crocker,79,209,San Antonio (TX),2010 NBA Draft - Undrafted,United States,474
Maxwell Darling,78,220,Nelson,2022 NBA Draft - Undrafted,New Zealand,475
Isaac Davidson,79,220,Auckland,2020 NBA Draft - Undrafted,New Zealand,476
Ousmane Dieng,82,216,Paris,2022 Rnd 1 Pick 11,France,477
Andrew Ferguson,84,240,Perth,2022 NBA Draft - Undrafted,Australia,478
Tristan Forsyth,82,235,Melbourne,2022 NBA Draft - Undrafted,Australia,479
Akoldah Gak,83,200,Sydney,2022 NBA Draft - Undrafted,Australia,480
Jaylin Galloway,78,175,Marietta (GA),2024 NBA Draft Eligible,United States & Australia,481
Kyrin Galloway,80,215,Alpharetta (GA),2020 NBA Draft - Undrafted,United States & Australia,482
Josh Giddey,80,216,Melbourne,2021 Rnd 1 Pick 6,Australia,483
Tyler Harvey,76,185,Torrance (CA),2015 Rnd 2 Pick 21,United States,484
Owen Hulland,84,240,Adelaide,2021 NBA Draft - Undrafted,Australia,485
Jordan Hunt,81,230,Lower Hutt,2020 NBA Draft - Undrafted,New Zealand,486
Colton Iverson,84,255,Yankton (SD),2013 Rnd 2 Pick 23,United States,487
Justinian Jessup,79,202,Longmont (CO),2020 Rnd 2 Pick 21,United States,488
B.J. Johnson,79,200,Philadelphia (PA),2018 NBA Draft - Undrafted,United States,489
Orlando Johnson,77,220,Monterey (CA),2012 Rnd 2 Pick 6,United States,490
Blake Jones,82,189,Canberra,2025 NBA Draft Eligible,Australia,491
Mike Karena,82,270,Nelson,2016 NBA Draft - Undrafted,New Zealand,492
Mojave King,77,194,Dunedin,2023 NBA Draft Eligible,New Zealand,493
Tanner Krebs,78,205,Hobart,2020 NBA Draft - Undrafted,Australia,494
Jock Landale,83,255,Melbourne,2018 NBA Draft - Undrafted,Australia,495
Vic Law,79,200,South Holland (IL),2019 NBA Draft - Undrafted,United States,496
Jarell Martin,82,239,Baton Rouge (LA),2015 Rnd 1 Pick 25,United States,497
Izayah Mauriohooho Le'Afa,74,200,Lower Hutt,2020 NBA Draft - Undrafted,New Zealand,498
John Mooney,81,245,Altamonte Springs (FL),2020 NBA Draft - Undrafted,United States,499
Ben Moore,80,220,Bolingbrook (IL),2017 NBA Draft - Undrafted,United States,500
Taine Murray,77,207,Auckland,2025 NBA Draft Eligible,New Zealand,501
Brandon Paul,76,200,Gurnee (IL),2013 NBA Draft - Undrafted,United States,502
Mason Peatling,80,220,Melbourne,2020 NBA Draft - Undrafted,Australia,503
Keanu Pinder,81,220,Perth,2018 NBA Draft - Undrafted,Australia,504
Levi Randolph,77,208,Madison (AL),2015 NBA Draft - Undrafted,United States,505
Michael Riley,0,0,,2022 NBA Draft - Undrafted,Australia,506
Jamaal Robateau,77,180,Sunshine Coast,2018 NBA Draft - Undrafted,Australia,507
Corey Shervill,79,220,Perth,2021 NBA Draft - Undrafted,Australia,508
Justin Simon,77,215,Temecula (CA),2019 NBA Draft - Undrafted,United States,509
Donald Sloan,75,205,Shreveport (LA),2010 NBA Draft - Undrafted,United States,510
Kai Sotto,86,210,Las Pinas,2022 NBA Draft - Undrafted,Philippines,511
Keifer Sykes,72,180,Chicago (IL),2015 NBA Draft - Undrafted,United States,512
Dejan Vasiljevic,75,190,Melbourne,2020 NBA Draft - Undrafted,Australia,513
Yanni Wetzell,82,240,Auckland,2020 NBA Draft - Undrafted,New Zealand,514
Isaac White,74,180,Adelaide,2021 NBA Draft - Undrafted,Australia,515
Archie Woodhill,81,210,,2022 NBA Draft - Undrafted,Australia,516
Jaylen Adams,72,225,Baltimore (MD),2018 NBA Draft - Undrafted,United States,517
Josh Adams,74,190,Parker (CO),2016 NBA Draft - Undrafted,United States,518
Caleb Agada,75,209,Ottawa,2016 NBA Draft - Undrafted,Canada & Nigeria,519
Lachlan Barker,72,182,,2018 NBA Draft - Undrafted,Australia,520
Biwali Bayles,74,180,Redfern,2022 NBA Draft - Undrafted,Australia,521
Hugo Besson,75,196,Angers,2022 Rnd 2 Pick 28,France,522
Liu Chuanxing,89,287,Puyang,2019 NBA Draft - Undrafted,China,523
Ian Clark,75,175,Memphis (TN),2013 NBA Draft - Undrafted,United States,524
Mitch Clarke,73,200,Perth,2021 NBA Draft - Undrafted,Australia,525
Antonius Cleveland,78,195,Memphis (TN),2017 NBA Draft - Undrafted,United States,526
Sejr Deans,74,205,Launceston,2026 NBA Draft Eligible,Australia,527
Matt Dellavedova,75,200,Maryborough,2013 NBA Draft - Undrafted,Australia,528
Tom Digbeu,77,169,Barcelona,2023 NBA Draft Eligible,Spain & France,529
Owen Foxwell,74,0,,2025 NBA Draft Eligible,Australia,530
Robert Franks,79,225,Vancouver (WA),2019 NBA Draft - Undrafted,United States,531
Michael Frazier,76,200,Gainesville (FL),2015 NBA Draft - Undrafted,United States,532
Isaac Gattorna,80,249,,2021 NBA Draft - Undrafted,Australia,533
Gerald Hannahs,75,210,Little Rock (AR),2017 NBA Draft - Undrafted,United States,534
Oliver Hayes-Brown,82,210,Melbourne,2022 NBA Draft - Undrafted,Australia,535
Robbie Heath,75,180,Melbourne,2022 NBA Draft - Undrafted,Australia,536
Ariel Hukporti,84,250,Stralsund,2024 NBA Draft Eligible,Germany & Togo,537
R.J. Hunter,78,190,Indianapolis (IN),2015 Rnd 1 Pick 28,United States,538
Brayden Inger,80,214,Auckland,2021 NBA Draft - Undrafted,New Zealand,539
Bul Kuol,79,215,Canberra,2022 NBA Draft - Undrafted,Australia & South Sudan,540
Sean MacDonald,78,209,,2022 NBA Draft - Undrafted,Australia,541
Max Mackinnon,77,205,Brisbane,2026 NBA Draft Eligible,Australia,542
Joshua Magette,73,160,Birmingham (AL),2012 NBA Draft - Undrafted,United States,543
Makur Maker,82,232,Nairobi,2022 NBA Draft - Undrafted,Kenya & Australia,544
Matur Maker,83,205,Sydney,2019 NBA Draft - Undrafted,Australia & South Sudan,545
Manny Malou,81,209,Melbourne,2016 NBA Draft - Undrafted,Australia & South Sudan,546
Nicholas Marshall,77,0,Adelaide,2022 NBA Draft - Undrafted,Australia,547
Jeremiah Martin,75,185,Memphis (TN),2019 NBA Draft - Undrafted,United States,548
Tahjere McCall,76,190,Philadelphia (PA),2017 NBA Draft - Undrafted,United States,549
MiKyle Mcintosh,79,235,Pickering,2018 NBA Draft - Undrafted,Canada,550
Nikita Mikhailovskii,79,178,Nizhegorodsky,2022 NBA Draft - Undrafted,Russia,551
Iggy Mitchell,76,201,,2025 NBA Draft Eligible,Australia,552
Isaiah Moss,77,208,Chicago (IL),2020 NBA Draft - Undrafted,United States,553
Xavier Munford,75,180,Hillside (NJ),2014 NBA Draft - Undrafted,United States,554
David Okwera,84,251,Melbourne,2024 NBA Draft Eligible,Australia,555
Lachlan Olbrich,82,0,Adelaide,2026 NBA Draft Eligible,Australia,556
Jock Perry,85,250,Melbourne,2021 NBA Draft - Undrafted,Australia,557
Zhou Qi,85,210,Henan,2016 Rnd 2 Pick 13,China,558
Chasson Randle,75,185,Rock Island (IL),2015 NBA Draft - Undrafted,United States,559
Xavier Rathan-Mayes,76,208,Scarborough,2017 NBA Draft - Undrafted,Canada,560
Duop Reath,83,245,Mirrabooka,2018 NBA Draft - Undrafted,Australia,561
Taane Samuel,80,232,Wellington,2021 NBA Draft - Undrafted,New Zealand,562
Koen Sapwell,75,183,Adelaide,2021 NBA Draft - Undrafted,Australia,563
Peyton Siva,72,185,Seattle (WA),2013 Rnd 2 Pick 26,United States,564
Steve Taylor Jr.,81,240,Chicago (IL),2017 NBA Draft - Undrafted,United States,565
Sam Timmins,83,265,Christchurch,2020 NBA Draft - Undrafted,New Zealand,566
Zac Triplett,77,165,Melbourne,2022 NBA Draft - Undrafted,Australia,567
Todd Withers,79,216,Greensboro (NC),2018 NBA Draft - Undrafted,United States,568
Stephen Zimmerman,83,240,Hendersonville (TN),2016 Rnd 2 Pick 11,United States,569
Kyle Zunic,74,195,Wollongong,2022 NBA Draft - Undrafted,Australia,570
Jack Andrew,82,242,,2023 NBA Draft Eligible,New Zealand,571
Grant Anticevich,80,230,Sydney,2022 NBA Draft - Undrafted,Australia,572
Jonah Antonio,77,180,Perth,2021 NBA Draft - Undrafted,Australia,573
Aron Baynes,82,260,Gisborne,2009 NBA Draft - Undrafted,New Zealand & Australia,574
Malcolm Bernard,77,205,Middleburg (FL),2017 NBA Draft - Undrafted,United States,575
Jayden Bezzant,74,185,Tauranga,2020 NBA Draft - Undrafted,New Zealand,576
Jamaal Brantley,78,215,Columbia (SC),2016 NBA Draft - Undrafted,United States,577
Jarrell Brantley,77,250,Columbia (SC),2019 Rnd 2 Pick 20,United States,578
Barry Brown Jr.,75,195,St. Petersburg (FL),2019 NBA Draft - Undrafted,United States,579
Walter Brown,74,182,,2021 NBA Draft - Undrafted,New Zealand,580
Gary Browne,73,195,Trujillo Alto (PR),2015 NBA Draft - Undrafted,Puerto Rico & United States,581
Jordan Caroline,79,235,Champaign (IL),2019 NBA Draft - Undrafted,United States,582
Hunter Clarke,77,185,Adelaide,2023 NBA Draft Eligible,Australia,583
Joshua Davey,78,0,Perth,2022 NBA Draft - Undrafted,Australia,584
Lual Diing,79,204,,2022 NBA Draft - Undrafted,Australia,585
Milton Doyle,76,185,Chicago (IL),2017 NBA Draft - Undrafted,United States,586
Joshua Duach,77,190,Melbourne,2023 NBA Draft Eligible,Australia,587
Dan Fotu,79,225,Auckland,2023 NBA Draft Eligible,New Zealand,588
Gorjok Gak,83,235,St. Clair,2021 NBA Draft - Undrafted,United States & Australia,589
Gabe Hadley,76,200,Melbourne,2022 NBA Draft - Undrafted,Australia,590
D.J. Hogg,81,215,Plano (TX),2018 NBA Draft - Undrafted,United States,591
Fiston Ipassou,77,0,,2025 NBA Draft Eligible,Australia,592
Matt Johns,80,230,Geelong,2023 NBA Draft Eligible,Australia,593
Tyler Johnson,76,190,Mountain View (CA),2014 NBA Draft - Undrafted,United States,594
Trey Kell,76,210,San Diego (CA),2018 NBA Draft - Undrafted,United States & Syria,595
Rashard Kelly,79,227,Fredericksburg (VA),2018 NBA Draft - Undrafted,United States,596
George King,78,220,San Antonio (TX),2018 Rnd 2 Pick 29,United States,597
Marcus Lee,83,225,Antioch (CA),2018 NBA Draft - Undrafted,United States,598
Malith Machar,78,170,Adelaide,2023 NBA Draft Eligible,Australia,599
Junior Madut,78,175,Sydney,2022 NBA Draft - Undrafted,Australia,600
Jackson Makoi,77,175,Melbourne,2022 NBA Draft - Undrafted,Australia,601
Makuach Maluach,77,190,Sydney,2021 NBA Draft - Undrafted,Australia,602
Brady Manek,81,230,Edmond (OK),2022 NBA Draft - Undrafted,United States,603
Mangok Mathiang,82,230,Melbourne,2017 NBA Draft - Undrafted,Australia & South Sudan,604
Lat Mayen,81,205,Adelaide,2023 NBA Draft Eligible,Australia,605
Alexander McNaught,73,198,,2024 NBA Draft Eligible,New Zealand,606
D.J. Mitchell,80,215,Melbourne,2022 NBA Draft - Undrafted,Australia,607
Harry Morris,78,0,,2024 NBA Draft Eligible,Australia,608
Vasile Odajiu,81,182,,2017 NBA Draft - Undrafted,Moldova,609
Dererk Pardon,80,235,Cleveland (OH),2019 NBA Draft - Undrafted,United States,610
Craig Randall II,76,185,Phoenix (AZ),2020 NBA Draft - Undrafted,United States,611
Anzac Rissetto,82,265,Auckland,2021 NBA Draft - Undrafted,New Zealand,612
Justin Robinson,73,195,Manassas (VA),2019 NBA Draft - Undrafted,United States,613
Frasier Roxburgh,0,0,,2027 NBA Draft Eligible,Australia,614
Rayan Rupert,78,206,Strasbourg,2026 NBA Draft Eligible,France,615
Shannon Scott,73,185,Alpharetta (GA),2015 NBA Draft - Undrafted,United States,616
Timothy Soares,83,245,Everson (WA),2020 NBA Draft - Undrafted,United States & Brazil,617
Kody Stattmann,79,204,Cairns,2023 NBA Draft Eligible,Australia,618
Cameron Thew,82,0,,2021 NBA Draft - Undrafted,Australia,619
TaShawn Thomas,80,240,Killeen (TX),2015 NBA Draft - Undrafted,United States,620
Josh Tomasi,82,230,Melbourne,2023 NBA Draft Eligible,Australia,621
Rayjon Tucker,75,209,Charlotte (NC),2019 NBA Draft - Undrafted,United States,622
Sam Waardenburg,82,225,Auckland,2022 NBA Draft - Undrafted,New Zealand,623
Derrick Walton Jr.,72,189,Harper Woods (MI),2017 NBA Draft - Undrafted,United States,624
Andrew White,79,210,Chester (VA),2017 NBA Draft - Undrafted,United States,625
Alan Williams,80,265,Phoenix (AZ),2015 NBA Draft - Undrafted,United States,626
